{
  "v": "5.8.1",
  "fr": 30,
  "ip": 0,
  "op": 45,
  "w": 40,
  "h": 40,
  "nm": "Comp 1",
  "ddd": 0,
  "assets": [],
  "layers": [
    {
      "ddd": 0,
      "ind": 1,
      "ty": 4,
      "nm": "TM Outlines",
      "sr": 1,
      "ks": {
        "o": { "a": 0, "k": 100, "ix": 11 },
        "r": { "a": 0, "k": 0, "ix": 10 },
        "p": {
          "a": 1,
          "k": [
            {
              "i": { "x": 0.833, "y": 0.833 },
              "o": { "x": 0.167, "y": 0.167 },
              "t": 22,
              "s": [20.625, 29.75, 0],
              "to": [0, 0, 0],
              "ti": [0, 0, 0]
            },
            { "t": 44, "s": [25.625, 29.75, 0] }
          ],
          "ix": 2,
          "l": 2
        },
        "a": { "a": 0, "k": [0, 0, 0], "ix": 1, "l": 2 },
        "s": { "a": 0, "k": [23.26, 23.26, 100], "ix": 6, "l": 2 }
      },
      "ao": 0,
      "shapes": [
        {
          "ty": "gr",
          "it": [
            {
              "ind": 0,
              "ty": "sh",
              "ix": 1,
              "ks": {
                "a": 0,
                "k": {
                  "i": [
                    [0, 0],
                    [0, 0],
                    [0, 0],
                    [0, 0],
                    [0, 0],
                    [0, 0],
                    [0, 0],
                    [0, 0]
                  ],
                  "o": [
                    [0, 0],
                    [0, 0],
                    [0, 0],
                    [0, 0],
                    [0, 0],
                    [0, 0],
                    [0, 0],
                    [0, 0]
                  ],
                  "v": [
                    [6.138, -15.774],
                    [6.138, 0],
                    [8.64, 0],
                    [8.64, -15.774],
                    [14.454, -15.774],
                    [14.454, -18.067],
                    [0.324, -18.067],
                    [0.324, -15.774]
                  ],
                  "c": true
                },
                "ix": 2
              },
              "nm": "T",
              "mn": "ADBE Vector Shape - Group",
              "hd": false
            },
            {
              "ty": "fl",
              "c": {
                "a": 0,
                "k": [0.921568627451, 0.921568627451, 0.921568627451, 1],
                "ix": 4
              },
              "o": { "a": 0, "k": 100, "ix": 5 },
              "r": 1,
              "bm": 0,
              "nm": "Fill 1",
              "mn": "ADBE Vector Graphic - Fill",
              "hd": false
            },
            {
              "ty": "tr",
              "p": { "a": 0, "k": [0, 0], "ix": 2 },
              "a": { "a": 0, "k": [0, 0], "ix": 1 },
              "s": { "a": 0, "k": [100, 100], "ix": 3 },
              "r": { "a": 0, "k": 0, "ix": 6 },
              "o": { "a": 0, "k": 100, "ix": 7 },
              "sk": { "a": 0, "k": 0, "ix": 4 },
              "sa": { "a": 0, "k": 0, "ix": 5 },
              "nm": "Transform"
            }
          ],
          "nm": "T",
          "np": 3,
          "cix": 2,
          "bm": 0,
          "ix": 1,
          "mn": "ADBE Vector Group",
          "hd": false
        },
        {
          "ty": "gr",
          "it": [
            {
              "ind": 0,
              "ty": "sh",
              "ix": 1,
              "ks": {
                "a": 0,
                "k": {
                  "i": [
                    [0, 0],
                    [0, 0],
                    [0, 0],
                    [0, 0],
                    [-1.969, -4.447],
                    [0, 0],
                    [-1.969, 4.447],
                    [0, 0],
                    [0, 0],
                    [0, 0],
                    [0, 0],
                    [0, 0],
                    [2.154, -4.772],
                    [0, 0],
                    [2.154, 4.772],
                    [0, 0]
                  ],
                  "o": [
                    [0, 0],
                    [0, 0],
                    [0, 0],
                    [1.969, 4.447],
                    [0, 0],
                    [1.969, -4.447],
                    [0, 0],
                    [0, 0],
                    [0, 0],
                    [0, 0],
                    [0, 0],
                    [-2.154, 4.772],
                    [0, 0],
                    [-2.131, -4.772],
                    [0, 0],
                    [0, 0]
                  ],
                  "v": [
                    [16.874, 0],
                    [19.399, 0],
                    [19.399, -13.342],
                    [19.469, -13.342],
                    [25.398, 0],
                    [27.39, 0],
                    [33.32, -13.342],
                    [33.413, -13.342],
                    [33.413, 0],
                    [35.937, 0],
                    [35.937, -18.067],
                    [32.857, -18.067],
                    [26.418, -3.729],
                    [26.371, -3.729],
                    [19.932, -18.067],
                    [16.874, -18.067]
                  ],
                  "c": true
                },
                "ix": 2
              },
              "nm": "M",
              "mn": "ADBE Vector Shape - Group",
              "hd": false
            },
            {
              "ty": "fl",
              "c": {
                "a": 0,
                "k": [0.921568627451, 0.921568627451, 0.921568627451, 1],
                "ix": 4
              },
              "o": { "a": 0, "k": 100, "ix": 5 },
              "r": 1,
              "bm": 0,
              "nm": "Fill 1",
              "mn": "ADBE Vector Graphic - Fill",
              "hd": false
            },
            {
              "ty": "tr",
              "p": { "a": 0, "k": [0, 0], "ix": 2 },
              "a": { "a": 0, "k": [0, 0], "ix": 1 },
              "s": { "a": 0, "k": [100, 100], "ix": 3 },
              "r": { "a": 0, "k": 0, "ix": 6 },
              "o": { "a": 0, "k": 100, "ix": 7 },
              "sk": { "a": 0, "k": 0, "ix": 4 },
              "sa": { "a": 0, "k": 0, "ix": 5 },
              "nm": "Transform"
            }
          ],
          "nm": "M",
          "np": 3,
          "cix": 2,
          "bm": 0,
          "ix": 2,
          "mn": "ADBE Vector Group",
          "hd": false
        }
      ],
      "ip": 22,
      "op": 914,
      "st": 14,
      "bm": 0
    },
    {
      "ddd": 0,
      "ind": 2,
      "ty": 3,
      "nm": "Null 1",
      "sr": 1,
      "ks": {
        "o": { "a": 0, "k": 0, "ix": 11 },
        "r": {
          "a": 1,
          "k": [
            {
              "i": { "x": [0.833], "y": [0.833] },
              "o": { "x": [0.167], "y": [0.167] },
              "t": 0,
              "s": [-45]
            },
            { "t": 30, "s": [0] }
          ],
          "ix": 10
        },
        "p": { "a": 0, "k": [20, 20, 0], "ix": 2, "l": 2 },
        "a": { "a": 0, "k": [0, 0, 0], "ix": 1, "l": 2 },
        "s": { "a": 0, "k": [100, 100, 100], "ix": 6, "l": 2 }
      },
      "ao": 0,
      "ip": 0,
      "op": 900,
      "st": 0,
      "bm": 0
    },
    {
      "ddd": 0,
      "ind": 3,
      "ty": 4,
      "nm": "square 3",
      "parent": 2,
      "sr": 1,
      "ks": {
        "o": { "a": 0, "k": 100, "ix": 11 },
        "r": { "a": 0, "k": 0, "ix": 10 },
        "p": {
          "a": 1,
          "k": [
            {
              "i": { "x": 0.564, "y": 0.564 },
              "o": { "x": 0.167, "y": 0.167 },
              "t": 0,
              "s": [6.264, -0.346, 0],
              "to": [0, 0, 0],
              "ti": [0, 0, 0]
            },
            {
              "i": { "x": 0.833, "y": 0.833 },
              "o": { "x": 0.38, "y": 0.38 },
              "t": 14.798,
              "s": [6.264, 6.654, 0],
              "to": [0, 0, 0],
              "ti": [0, 0, 0]
            },
            { "t": 44, "s": [-7.549, 6.654, 0] }
          ],
          "ix": 2,
          "l": 2
        },
        "a": { "a": 0, "k": [3.467, -6.658, 0], "ix": 1, "l": 2 },
        "s": { "a": 0, "k": [100, 100, 100], "ix": 6, "l": 2 }
      },
      "ao": 0,
      "shapes": [
        {
          "ty": "gr",
          "it": [
            {
              "ty": "rc",
              "d": 1,
              "s": { "a": 0, "k": [6.934, 6.934], "ix": 2 },
              "p": { "a": 0, "k": [0, 0], "ix": 3 },
              "r": { "a": 0, "k": 0, "ix": 4 },
              "nm": "Rectangle Path 1",
              "mn": "ADBE Vector Shape - Rect",
              "hd": false
            },
            {
              "ty": "fl",
              "c": { "a": 0, "k": [1, 1, 1, 1], "ix": 4 },
              "o": { "a": 0, "k": 100, "ix": 5 },
              "r": 1,
              "bm": 0,
              "nm": "Fill 1",
              "mn": "ADBE Vector Graphic - Fill",
              "hd": false
            },
            {
              "ty": "tr",
              "p": { "a": 0, "k": [3.467, -6.658], "ix": 2 },
              "a": { "a": 0, "k": [0, 0], "ix": 1 },
              "s": { "a": 0, "k": [100, 100], "ix": 3 },
              "r": { "a": 0, "k": 0, "ix": 6 },
              "o": { "a": 0, "k": 100, "ix": 7 },
              "sk": { "a": 0, "k": 0, "ix": 4 },
              "sa": { "a": 0, "k": 0, "ix": 5 },
              "nm": "Transform"
            }
          ],
          "nm": "Rectangle 1",
          "np": 3,
          "cix": 2,
          "bm": 0,
          "ix": 1,
          "mn": "ADBE Vector Group",
          "hd": false
        }
      ],
      "ip": 0,
      "op": 914,
      "st": 14,
      "bm": 0
    },
    {
      "ddd": 0,
      "ind": 4,
      "ty": 4,
      "nm": "square 2",
      "parent": 2,
      "sr": 1,
      "ks": {
        "o": { "a": 0, "k": 100, "ix": 11 },
        "r": { "a": 0, "k": 0, "ix": 10 },
        "p": {
          "a": 1,
          "k": [
            {
              "i": { "x": 0.833, "y": 0.833 },
              "o": { "x": 0.167, "y": 0.167 },
              "t": 14,
              "s": [-0.572, -0.314, 0],
              "to": [0, 0, 0],
              "ti": [0, 0, 0]
            },
            { "t": 44, "s": [-0.572, -0.314, 0] }
          ],
          "ix": 2,
          "l": 2
        },
        "a": { "a": 0, "k": [3.467, -6.658, 0], "ix": 1, "l": 2 },
        "s": { "a": 0, "k": [100, 100, 100], "ix": 6, "l": 2 }
      },
      "ao": 0,
      "shapes": [
        {
          "ty": "gr",
          "it": [
            {
              "ty": "rc",
              "d": 1,
              "s": { "a": 0, "k": [6.934, 6.934], "ix": 2 },
              "p": { "a": 0, "k": [0, 0], "ix": 3 },
              "r": { "a": 0, "k": 0, "ix": 4 },
              "nm": "Rectangle Path 1",
              "mn": "ADBE Vector Shape - Rect",
              "hd": false
            },
            {
              "ty": "fl",
              "c": { "a": 0, "k": [1, 1, 1, 1], "ix": 4 },
              "o": { "a": 0, "k": 100, "ix": 5 },
              "r": 1,
              "bm": 0,
              "nm": "Fill 1",
              "mn": "ADBE Vector Graphic - Fill",
              "hd": false
            },
            {
              "ty": "tr",
              "p": { "a": 0, "k": [3.467, -6.658], "ix": 2 },
              "a": { "a": 0, "k": [0, 0], "ix": 1 },
              "s": { "a": 0, "k": [100, 100], "ix": 3 },
              "r": { "a": 0, "k": 0, "ix": 6 },
              "o": { "a": 0, "k": 100, "ix": 7 },
              "sk": { "a": 0, "k": 0, "ix": 4 },
              "sa": { "a": 0, "k": 0, "ix": 5 },
              "nm": "Transform"
            }
          ],
          "nm": "Rectangle 1",
          "np": 3,
          "cix": 2,
          "bm": 0,
          "ix": 1,
          "mn": "ADBE Vector Group",
          "hd": false
        }
      ],
      "ip": 0,
      "op": 914,
      "st": 14,
      "bm": 0
    },
    {
      "ddd": 0,
      "ind": 5,
      "ty": 4,
      "nm": "square",
      "parent": 2,
      "sr": 1,
      "ks": {
        "o": { "a": 0, "k": 100, "ix": 11 },
        "r": { "a": 0, "k": 0, "ix": 10 },
        "p": {
          "a": 1,
          "k": [
            {
              "i": { "x": 0.564, "y": 0.564 },
              "o": { "x": 0.167, "y": 0.167 },
              "t": 0,
              "s": [-7.518, -0.439, 0],
              "to": [0, 0, 0],
              "ti": [0, 0, 0]
            },
            {
              "i": { "x": 0.833, "y": 0.833 },
              "o": { "x": 0.379, "y": 0.379 },
              "t": 14.534,
              "s": [-7.518, -7.314, 0],
              "to": [0, 0, 0],
              "ti": [0, 0, 0]
            },
            { "t": 44, "s": [6.42, -7.314, 0] }
          ],
          "ix": 2,
          "l": 2
        },
        "a": { "a": 0, "k": [3.467, -6.658, 0], "ix": 1, "l": 2 },
        "s": { "a": 0, "k": [100, 100, 100], "ix": 6, "l": 2 }
      },
      "ao": 0,
      "shapes": [
        {
          "ty": "gr",
          "it": [
            {
              "ty": "rc",
              "d": 1,
              "s": { "a": 0, "k": [6.934, 6.934], "ix": 2 },
              "p": { "a": 0, "k": [0, 0], "ix": 3 },
              "r": { "a": 0, "k": 0, "ix": 4 },
              "nm": "Rectangle Path 1",
              "mn": "ADBE Vector Shape - Rect",
              "hd": false
            },
            {
              "ty": "fl",
              "c": { "a": 0, "k": [1, 1, 1, 1], "ix": 4 },
              "o": { "a": 0, "k": 100, "ix": 5 },
              "r": 1,
              "bm": 0,
              "nm": "Fill 1",
              "mn": "ADBE Vector Graphic - Fill",
              "hd": false
            },
            {
              "ty": "tr",
              "p": { "a": 0, "k": [3.467, -6.658], "ix": 2 },
              "a": { "a": 0, "k": [0, 0], "ix": 1 },
              "s": { "a": 0, "k": [100, 100], "ix": 3 },
              "r": { "a": 0, "k": 0, "ix": 6 },
              "o": { "a": 0, "k": 100, "ix": 7 },
              "sk": { "a": 0, "k": 0, "ix": 4 },
              "sa": { "a": 0, "k": 0, "ix": 5 },
              "nm": "Transform"
            }
          ],
          "nm": "Rectangle 1",
          "np": 3,
          "cix": 2,
          "bm": 0,
          "ix": 1,
          "mn": "ADBE Vector Group",
          "hd": false
        }
      ],
      "ip": 0,
      "op": 914,
      "st": 14,
      "bm": 0
    }
  ],
  "markers": []
}
