{
  "nm": "Main Scene",
  "ddd": 0,
  "h": 512,
  "w": 512,
  "meta": { "g": "@lottiefiles/creator 1.61.0" },
  "layers": [
    {
      "ty": 0,
      "nm": "Nested Scene 1",
      "sr": 1,
      "st": 0,
      "op": 31,
      "ip": 0,
      "hd": false,
      "ddd": 0,
      "bm": 0,
      "hasMask": false,
      "ao": 0,
      "ks": {
        "a": { "a": 0, "k": [340.5, 314.99999991919645] },
        "s": {
          "a": 1,
          "k": [
            {
              "o": { "x": 0.167, "y": 0.167 },
              "i": { "x": 0.833, "y": 0.833 },
              "s": [75, 75],
              "t": 0
            },
            {
              "o": { "x": 0.167, "y": 0.167 },
              "i": { "x": 0.833, "y": 0.833 },
              "s": [70, 70],
              "t": 1
            },
            {
              "o": { "x": 0.167, "y": 0.167 },
              "i": { "x": 0.833, "y": 0.833 },
              "s": [65, 65],
              "t": 2
            },
            {
              "o": { "x": 0.167, "y": 0.167 },
              "i": { "x": 0.833, "y": 0.833 },
              "s": [60, 60],
              "t": 3
            },
            {
              "o": { "x": 0.167, "y": 0.167 },
              "i": { "x": 0.833, "y": 0.833 },
              "s": [55, 55],
              "t": 4
            },
            {
              "o": { "x": 0.167, "y": 0.167 },
              "i": { "x": 0.833, "y": 0.833 },
              "s": [50, 50],
              "t": 5
            },
            {
              "o": { "x": 0.167, "y": 0.167 },
              "i": { "x": 0.833, "y": 0.833 },
              "s": [45, 45],
              "t": 6
            },
            {
              "o": { "x": 0.167, "y": 0.167 },
              "i": { "x": 0.833, "y": 0.833 },
              "s": [40, 40],
              "t": 7
            },
            {
              "o": { "x": 0.167, "y": 0.167 },
              "i": { "x": 0.833, "y": 0.833 },
              "s": [35, 35],
              "t": 8
            },
            {
              "o": { "x": 0.167, "y": 0.167 },
              "i": { "x": 0.833, "y": 0.833 },
              "s": [30, 30],
              "t": 9
            },
            {
              "o": { "x": 0.167, "y": 0.167 },
              "i": { "x": 0.833, "y": 0.833 },
              "s": [25, 25],
              "t": 10
            },
            {
              "o": { "x": 0.167, "y": 0.167 },
              "i": { "x": 0.833, "y": 0.833 },
              "s": [20, 20],
              "t": 11
            },
            {
              "o": { "x": 0.167, "y": 0.167 },
              "i": { "x": 0.833, "y": 0.833 },
              "s": [15, 15],
              "t": 12
            },
            {
              "o": { "x": 0.167, "y": 0.167 },
              "i": { "x": 0.833, "y": 0.833 },
              "s": [10, 10],
              "t": 13
            },
            {
              "o": { "x": 0.167, "y": 0.167 },
              "i": { "x": 0.833, "y": 0.833 },
              "s": [5, 5],
              "t": 14
            },
            {
              "o": { "x": 0.167, "y": 0.167 },
              "i": { "x": 0.833, "y": 0.833 },
              "s": [1, 1],
              "t": 15
            },
            {
              "o": { "x": 0.167, "y": 0.167 },
              "i": { "x": 0.833, "y": 0.833 },
              "s": [5, 5],
              "t": 16
            },
            {
              "o": { "x": 0.167, "y": 0.167 },
              "i": { "x": 0.833, "y": 0.833 },
              "s": [10, 10],
              "t": 17
            },
            {
              "o": { "x": 0.167, "y": 0.167 },
              "i": { "x": 0.833, "y": 0.833 },
              "s": [15, 15],
              "t": 18
            },
            {
              "o": { "x": 0.167, "y": 0.167 },
              "i": { "x": 0.833, "y": 0.833 },
              "s": [20, 20],
              "t": 19
            },
            {
              "o": { "x": 0.167, "y": 0.167 },
              "i": { "x": 0.833, "y": 0.833 },
              "s": [25, 25],
              "t": 20
            },
            {
              "o": { "x": 0.167, "y": 0.167 },
              "i": { "x": 0.833, "y": 0.833 },
              "s": [30, 30],
              "t": 21
            },
            {
              "o": { "x": 0.167, "y": 0.167 },
              "i": { "x": 0.833, "y": 0.833 },
              "s": [35, 35],
              "t": 22
            },
            {
              "o": { "x": 0.167, "y": 0.167 },
              "i": { "x": 0.833, "y": 0.833 },
              "s": [40, 40],
              "t": 23
            },
            {
              "o": { "x": 0.167, "y": 0.167 },
              "i": { "x": 0.833, "y": 0.833 },
              "s": [45, 45],
              "t": 24
            },
            {
              "o": { "x": 0.167, "y": 0.167 },
              "i": { "x": 0.833, "y": 0.833 },
              "s": [50, 50],
              "t": 25
            },
            {
              "o": { "x": 0.167, "y": 0.167 },
              "i": { "x": 0.833, "y": 0.833 },
              "s": [55, 55],
              "t": 26
            },
            {
              "o": { "x": 0.167, "y": 0.167 },
              "i": { "x": 0.833, "y": 0.833 },
              "s": [60, 60],
              "t": 27
            },
            {
              "o": { "x": 0.167, "y": 0.167 },
              "i": { "x": 0.833, "y": 0.833 },
              "s": [65, 65],
              "t": 28
            },
            {
              "o": { "x": 0.167, "y": 0.167 },
              "i": { "x": 0.833, "y": 0.833 },
              "s": [70, 70],
              "t": 29
            },
            { "s": [75, 75], "t": 30 }
          ]
        },
        "sk": { "a": 0, "k": 0 },
        "p": { "a": 0, "k": [255.99999107142855, 256.00001106160687] },
        "r": {
          "a": 1,
          "k": [
            {
              "o": { "x": 0.167, "y": 0.167 },
              "i": { "x": 0.833, "y": 0.833 },
              "s": [-360],
              "t": 0
            },
            {
              "o": { "x": 0.167, "y": 0.167 },
              "i": { "x": 0.833, "y": 0.833 },
              "s": [-330],
              "t": 1
            },
            {
              "o": { "x": 0.167, "y": 0.167 },
              "i": { "x": 0.833, "y": 0.833 },
              "s": [-300],
              "t": 2
            },
            {
              "o": { "x": 0.167, "y": 0.167 },
              "i": { "x": 0.833, "y": 0.833 },
              "s": [-270],
              "t": 3
            },
            {
              "o": { "x": 0.167, "y": 0.167 },
              "i": { "x": 0.833, "y": 0.833 },
              "s": [-240],
              "t": 4
            },
            {
              "o": { "x": 0.167, "y": 0.167 },
              "i": { "x": 0.833, "y": 0.833 },
              "s": [-210],
              "t": 5
            },
            {
              "o": { "x": 0.167, "y": 0.167 },
              "i": { "x": 0.833, "y": 0.833 },
              "s": [-180],
              "t": 6
            },
            {
              "o": { "x": 0.167, "y": 0.167 },
              "i": { "x": 0.833, "y": 0.833 },
              "s": [-150],
              "t": 7
            },
            {
              "o": { "x": 0.167, "y": 0.167 },
              "i": { "x": 0.833, "y": 0.833 },
              "s": [-120],
              "t": 8
            },
            {
              "o": { "x": 0.167, "y": 0.167 },
              "i": { "x": 0.833, "y": 0.833 },
              "s": [-90],
              "t": 9
            },
            {
              "o": { "x": 0.167, "y": 0.167 },
              "i": { "x": 0.833, "y": 0.833 },
              "s": [-60],
              "t": 10
            },
            {
              "o": { "x": 0.167, "y": 0.167 },
              "i": { "x": 0.833, "y": 0.833 },
              "s": [-30],
              "t": 11
            },
            {
              "o": { "x": 0.167, "y": 0.167 },
              "i": { "x": 0.833, "y": 0.833 },
              "s": [0],
              "t": 12
            },
            {
              "o": { "x": 0.167, "y": 0.167 },
              "i": { "x": 0.833, "y": 0.833 },
              "s": [30],
              "t": 13
            },
            {
              "o": { "x": 0.167, "y": 0.167 },
              "i": { "x": 0.833, "y": 0.833 },
              "s": [60],
              "t": 14
            },
            {
              "o": { "x": 0.167, "y": 0.167 },
              "i": { "x": 0.833, "y": 0.833 },
              "s": [90],
              "t": 15
            },
            {
              "o": { "x": 0.167, "y": 0.167 },
              "i": { "x": 0.833, "y": 0.833 },
              "s": [60],
              "t": 16
            },
            {
              "o": { "x": 0.167, "y": 0.167 },
              "i": { "x": 0.833, "y": 0.833 },
              "s": [30],
              "t": 17
            },
            {
              "o": { "x": 0.167, "y": 0.167 },
              "i": { "x": 0.833, "y": 0.833 },
              "s": [0],
              "t": 18
            },
            {
              "o": { "x": 0.167, "y": 0.167 },
              "i": { "x": 0.833, "y": 0.833 },
              "s": [-30],
              "t": 19
            },
            {
              "o": { "x": 0.167, "y": 0.167 },
              "i": { "x": 0.833, "y": 0.833 },
              "s": [-60],
              "t": 20
            },
            {
              "o": { "x": 0.167, "y": 0.167 },
              "i": { "x": 0.833, "y": 0.833 },
              "s": [-90],
              "t": 21
            },
            {
              "o": { "x": 0.167, "y": 0.167 },
              "i": { "x": 0.833, "y": 0.833 },
              "s": [-120],
              "t": 22
            },
            {
              "o": { "x": 0.167, "y": 0.167 },
              "i": { "x": 0.833, "y": 0.833 },
              "s": [-150],
              "t": 23
            },
            {
              "o": { "x": 0.167, "y": 0.167 },
              "i": { "x": 0.833, "y": 0.833 },
              "s": [-180],
              "t": 24
            },
            {
              "o": { "x": 0.167, "y": 0.167 },
              "i": { "x": 0.833, "y": 0.833 },
              "s": [-210],
              "t": 25
            },
            {
              "o": { "x": 0.167, "y": 0.167 },
              "i": { "x": 0.833, "y": 0.833 },
              "s": [-240],
              "t": 26
            },
            {
              "o": { "x": 0.167, "y": 0.167 },
              "i": { "x": 0.833, "y": 0.833 },
              "s": [-270],
              "t": 27
            },
            {
              "o": { "x": 0.167, "y": 0.167 },
              "i": { "x": 0.833, "y": 0.833 },
              "s": [-300],
              "t": 28
            },
            {
              "o": { "x": 0.167, "y": 0.167 },
              "i": { "x": 0.833, "y": 0.833 },
              "s": [-330],
              "t": 29
            },
            { "s": [-360], "t": 30 }
          ]
        },
        "sa": { "a": 0, "k": 0 },
        "o": { "a": 0, "k": 100 }
      },
      "w": 681,
      "h": 630,
      "refId": "precomp_Shape Layer - SVG_yRRZICndqT_d35b7dd0-4600-4c6d-9100-8cccc9ff5e4c",
      "ind": 1
    }
  ],
  "v": "5.7.0",
  "fr": 30,
  "op": 30,
  "ip": 0,
  "assets": [
    {
      "nm": "Nested Scene 1",
      "id": "precomp_Shape Layer - SVG_yRRZICndqT_d35b7dd0-4600-4c6d-9100-8cccc9ff5e4c",
      "layers": [
        {
          "ty": 4,
          "nm": "Shape Layer 1",
          "sr": 1,
          "st": 0,
          "op": 150,
          "ip": 0,
          "hd": false,
          "ddd": 0,
          "bm": 0,
          "hasMask": false,
          "ao": 0,
          "ks": {
            "a": { "a": 0, "k": [340.41, 314.85999991919647] },
            "s": { "a": 0, "k": [100, 100] },
            "sk": { "a": 0, "k": 0 },
            "p": { "a": 0, "k": [340.41, 314.85999991919647] },
            "r": { "a": 0, "k": 0 },
            "sa": { "a": 0, "k": 0 },
            "o": { "a": 0, "k": 100 }
          },
          "shapes": [
            {
              "ty": "gr",
              "bm": 0,
              "hd": false,
              "nm": "Group 7",
              "np": 2,
              "it": [
                {
                  "ty": "gr",
                  "bm": 0,
                  "hd": false,
                  "nm": "Group 3",
                  "np": 2,
                  "it": [
                    {
                      "ty": "gr",
                      "bm": 0,
                      "hd": false,
                      "nm": "Group 1",
                      "np": 2,
                      "it": [
                        {
                          "ty": "sh",
                          "bm": 0,
                          "hd": false,
                          "nm": "Path 1",
                          "d": 1,
                          "ks": {
                            "a": 0,
                            "k": {
                              "c": true,
                              "i": [
                                [0, 0],
                                [0, 0],
                                [0, 0],
                                [0, 0],
                                [0, 0]
                              ],
                              "o": [
                                [0, 0],
                                [0, 0],
                                [0, 0],
                                [0, 0],
                                [0, 0]
                              ],
                              "v": [
                                [0, 0],
                                [401.87, 401.87],
                                [340.41, 463.33],
                                [0, 122.91],
                                [0, 0]
                              ]
                            }
                          }
                        },
                        {
                          "ty": "fl",
                          "bm": 0,
                          "hd": false,
                          "nm": "Fill",
                          "c": { "a": 0, "k": [1, 1, 1] },
                          "r": 2,
                          "o": { "a": 0, "k": 100 }
                        },
                        {
                          "ty": "tr",
                          "a": { "a": 0, "k": [200.935, 231.66499991919648] },
                          "s": { "a": 0, "k": [100, 100] },
                          "sk": { "a": 0, "k": 0 },
                          "p": { "a": 0, "k": [200.935, 231.66499991919648] },
                          "r": { "a": 0, "k": 0 },
                          "sa": { "a": 0, "k": 0 },
                          "o": { "a": 0, "k": 100 }
                        }
                      ]
                    },
                    {
                      "ty": "gr",
                      "bm": 0,
                      "hd": false,
                      "nm": "Group 2",
                      "np": 2,
                      "it": [
                        {
                          "ty": "sh",
                          "bm": 0,
                          "hd": false,
                          "nm": "Path 2",
                          "d": 1,
                          "ks": {
                            "a": 0,
                            "k": {
                              "c": true,
                              "i": [
                                [0, 0],
                                [0, 0],
                                [0, 0],
                                [0, 0],
                                [0, 0]
                              ],
                              "o": [
                                [0, 0],
                                [0, 0],
                                [0, 0],
                                [0, 0],
                                [0, 0]
                              ],
                              "v": [
                                [278.95, 401.87],
                                [680.82, 0],
                                [680.82, 122.91],
                                [340.41, 463.33],
                                [278.95, 401.87]
                              ]
                            }
                          }
                        },
                        {
                          "ty": "fl",
                          "bm": 0,
                          "hd": false,
                          "nm": "Fill",
                          "c": { "a": 0, "k": [1, 1, 1] },
                          "r": 2,
                          "o": { "a": 0, "k": 100 }
                        },
                        {
                          "ty": "tr",
                          "a": { "a": 0, "k": [479.885, 231.66499991919648] },
                          "s": { "a": 0, "k": [100, 100] },
                          "sk": { "a": 0, "k": 0 },
                          "p": { "a": 0, "k": [479.885, 231.66499991919648] },
                          "r": { "a": 0, "k": 0 },
                          "sa": { "a": 0, "k": 0 },
                          "o": { "a": 0, "k": 100 }
                        }
                      ]
                    },
                    {
                      "ty": "tr",
                      "a": { "a": 0, "k": [340.41, 231.66499991919648] },
                      "s": { "a": 0, "k": [100, 100] },
                      "sk": { "a": 0, "k": 0 },
                      "p": { "a": 0, "k": [340.41, 231.66499991919648] },
                      "r": { "a": 0, "k": 0 },
                      "sa": { "a": 0, "k": 0 },
                      "o": { "a": 0, "k": 100 }
                    }
                  ]
                },
                {
                  "ty": "gr",
                  "bm": 0,
                  "hd": false,
                  "nm": "Group 6",
                  "np": 2,
                  "it": [
                    {
                      "ty": "gr",
                      "bm": 0,
                      "hd": false,
                      "nm": "Group 4",
                      "np": 2,
                      "it": [
                        {
                          "ty": "sh",
                          "bm": 0,
                          "hd": false,
                          "nm": "Path 3",
                          "d": 1,
                          "ks": {
                            "a": 0,
                            "k": {
                              "c": true,
                              "i": [
                                [0, 0],
                                [0, 0],
                                [0, 0],
                                [0, 0]
                              ],
                              "o": [
                                [0, 0],
                                [0, 0],
                                [0, 0],
                                [0, 0]
                              ],
                              "v": [
                                [593.91, 116.07],
                                [680.82, 116.07],
                                [680.82, 629.72],
                                [593.91, 629.72]
                              ]
                            }
                          }
                        },
                        {
                          "ty": "fl",
                          "bm": 0,
                          "hd": false,
                          "nm": "Fill",
                          "c": { "a": 0, "k": [1, 1, 1] },
                          "r": 2,
                          "o": { "a": 0, "k": 100 }
                        },
                        {
                          "ty": "tr",
                          "a": { "a": 0, "k": [637.365, 372.89498345714287] },
                          "s": { "a": 0, "k": [100, 100] },
                          "sk": { "a": 0, "k": 0 },
                          "p": { "a": 0, "k": [637.365, 372.89498345714287] },
                          "r": { "a": 0, "k": 0 },
                          "sa": { "a": 0, "k": 0 },
                          "o": { "a": 0, "k": 100 }
                        }
                      ]
                    },
                    {
                      "ty": "gr",
                      "bm": 0,
                      "hd": false,
                      "nm": "Group 5",
                      "np": 2,
                      "it": [
                        {
                          "ty": "sh",
                          "bm": 0,
                          "hd": false,
                          "nm": "Path 4",
                          "d": 1,
                          "ks": {
                            "a": 0,
                            "k": {
                              "c": true,
                              "i": [
                                [0, 0],
                                [0, 0],
                                [0, 0],
                                [0, 0]
                              ],
                              "o": [
                                [0, 0],
                                [0, 0],
                                [0, 0],
                                [0, 0]
                              ],
                              "v": [
                                [0, 116.07],
                                [86.91, 116.07],
                                [86.91, 629.72],
                                [0, 629.72]
                              ]
                            }
                          }
                        },
                        {
                          "ty": "fl",
                          "bm": 0,
                          "hd": false,
                          "nm": "Fill",
                          "c": { "a": 0, "k": [1, 1, 1] },
                          "r": 2,
                          "o": { "a": 0, "k": 100 }
                        },
                        {
                          "ty": "tr",
                          "a": { "a": 0, "k": [43.455, 372.89498345714287] },
                          "s": { "a": 0, "k": [100, 100] },
                          "sk": { "a": 0, "k": 0 },
                          "p": { "a": 0, "k": [43.455, 372.89498345714287] },
                          "r": { "a": 0, "k": 0 },
                          "sa": { "a": 0, "k": 0 },
                          "o": { "a": 0, "k": 100 }
                        }
                      ]
                    },
                    {
                      "ty": "tr",
                      "a": { "a": 0, "k": [340.41, 372.89498345714287] },
                      "s": { "a": 0, "k": [100, 100] },
                      "sk": { "a": 0, "k": 0 },
                      "p": { "a": 0, "k": [340.41, 372.89498345714287] },
                      "r": { "a": 0, "k": 0 },
                      "sa": { "a": 0, "k": 0 },
                      "o": { "a": 0, "k": 100 }
                    }
                  ]
                },
                {
                  "ty": "tr",
                  "a": { "a": 0, "k": [340.41, 314.85999991919647] },
                  "s": { "a": 0, "k": [100, 100] },
                  "sk": { "a": 0, "k": 0 },
                  "p": { "a": 0, "k": [340.41, 314.85999991919647] },
                  "r": { "a": 0, "k": 0 },
                  "sa": { "a": 0, "k": 0 },
                  "o": { "a": 0, "k": 100 }
                }
              ]
            },
            {
              "ty": "gr",
              "bm": 0,
              "hd": false,
              "nm": "Group 8",
              "np": 2,
              "it": [
                {
                  "ty": "sh",
                  "bm": 0,
                  "hd": false,
                  "nm": "Path 5",
                  "d": 1,
                  "ks": {
                    "a": 0,
                    "k": {
                      "c": true,
                      "i": [
                        [0, 0],
                        [0, 0],
                        [0, 0],
                        [0, 0]
                      ],
                      "o": [
                        [0, 0],
                        [0, 0],
                        [0, 0],
                        [0, 0]
                      ],
                      "v": [
                        [509.41, 321.89],
                        [574.19, 321.89],
                        [574.19, 629.71],
                        [509.41, 629.71]
                      ]
                    }
                  }
                },
                {
                  "ty": "fl",
                  "bm": 0,
                  "hd": false,
                  "nm": "Fill",
                  "c": { "a": 0, "k": [1, 1, 1] },
                  "r": 2,
                  "o": { "a": 0, "k": 100 }
                },
                {
                  "ty": "tr",
                  "a": { "a": 0, "k": [541.8, 475.7999834571429] },
                  "s": { "a": 0, "k": [100, 100] },
                  "sk": { "a": 0, "k": 0 },
                  "p": { "a": 0, "k": [541.8, 475.7999834571429] },
                  "r": { "a": 0, "k": 0 },
                  "sa": { "a": 0, "k": 0 },
                  "o": { "a": 0, "k": 100 }
                }
              ]
            },
            {
              "ty": "gr",
              "bm": 0,
              "hd": false,
              "nm": "Group 9",
              "np": 2,
              "it": [
                {
                  "ty": "sh",
                  "bm": 0,
                  "hd": false,
                  "nm": "Path 6",
                  "d": 1,
                  "ks": {
                    "a": 0,
                    "k": {
                      "c": true,
                      "i": [
                        [0, 0],
                        [0, 0],
                        [0, 0],
                        [0, 0]
                      ],
                      "o": [
                        [0, 0],
                        [0, 0],
                        [0, 0],
                        [0, 0]
                      ],
                      "v": [
                        [424.91, 406.39],
                        [489.69, 406.39],
                        [489.69, 629.72],
                        [424.91, 629.72]
                      ]
                    }
                  }
                },
                {
                  "ty": "fl",
                  "bm": 0,
                  "hd": false,
                  "nm": "Fill",
                  "c": { "a": 0, "k": [1, 1, 1] },
                  "r": 2,
                  "o": { "a": 0, "k": 100 }
                },
                {
                  "ty": "tr",
                  "a": { "a": 0, "k": [457.3, 518.0549834571428] },
                  "s": { "a": 0, "k": [100, 100] },
                  "sk": { "a": 0, "k": 0 },
                  "p": { "a": 0, "k": [457.3, 518.0549834571428] },
                  "r": { "a": 0, "k": 0 },
                  "sa": { "a": 0, "k": 0 },
                  "o": { "a": 0, "k": 100 }
                }
              ]
            },
            {
              "ty": "gr",
              "bm": 0,
              "hd": false,
              "nm": "Group 10",
              "np": 2,
              "it": [
                {
                  "ty": "sh",
                  "bm": 0,
                  "hd": false,
                  "nm": "Path 7",
                  "d": 1,
                  "ks": {
                    "a": 0,
                    "k": {
                      "c": true,
                      "i": [
                        [0, 0],
                        [0, 0],
                        [0, 0],
                        [0, 0]
                      ],
                      "o": [
                        [0, 0],
                        [0, 0],
                        [0, 0],
                        [0, 0]
                      ],
                      "v": [
                        [340.41, 490.89],
                        [405.2, 490.89],
                        [405.2, 629.72],
                        [340.41, 629.72]
                      ]
                    }
                  }
                },
                {
                  "ty": "fl",
                  "bm": 0,
                  "hd": false,
                  "nm": "Fill",
                  "c": { "a": 0, "k": [1, 1, 1] },
                  "r": 2,
                  "o": { "a": 0, "k": 100 }
                },
                {
                  "ty": "tr",
                  "a": { "a": 0, "k": [372.805, 560.3049834571428] },
                  "s": { "a": 0, "k": [100, 100] },
                  "sk": { "a": 0, "k": 0 },
                  "p": { "a": 0, "k": [372.805, 560.3049834571428] },
                  "r": { "a": 0, "k": 0 },
                  "sa": { "a": 0, "k": 0 },
                  "o": { "a": 0, "k": 100 }
                }
              ]
            }
          ],
          "ind": 1
        }
      ]
    }
  ]
}
